[
{
  "model": "charts.reportdataview",
  "pk": 1,
  "fields": {
    "base_report_type": 1,
    "short_name": "TR_JR1",
    "name": "Counter 5 - Journal Report 1",
    "name_en": "Counter 5 - Journal Report 1",
    "name_cs": "Counter 5 - Journal Report 1",
    "desc": "Journal Requests (Excluding Open Access Gold)",
    "desc_en": "Journal Requests (Excluding Open Access Gold)",
    "desc_cs": "Po\u017eadavky na \u010dasopisy (bez Open Access Gold)",
    "source": null,
    "metric_allowed_values": [
      "Total_Item_Requests"
    ],
    "primary_dimension": null,
    "is_standard_view": true,
    "position": 10
  }
},
{
  "model": "charts.reportdataview",
  "pk": 2,
  "fields": {
    "base_report_type": 1,
    "short_name": "TR_BR1",
    "name": "Counter 5 - Book Report 1",
    "name_en": "Counter 5 - Book Report 1",
    "name_cs": "Counter 5 - Book Report 1",
    "desc": "Book Requests (Excluding Open Access Gold)",
    "desc_en": "Book Requests (Excluding Open Access Gold)",
    "desc_cs": "Po\u017eadavky na knihy (bez Open Access Gold)",
    "source": null,
    "metric_allowed_values": [
      "Total_Item_Requests"
    ],
    "primary_dimension": null,
    "is_standard_view": true,
    "position": 20
  }
},
{
  "model": "charts.reportdataview",
  "pk": 3,
  "fields": {
    "base_report_type": 1,
    "short_name": "TR_BR2",
    "name": "Counter 5 - Book Report 2",
    "name_en": "Counter 5 - Book Report 2",
    "name_cs": "Counter 5 - Book Report 2",
    "desc": "Book Access Denied",
    "desc_en": "Book Access Denied",
    "desc_cs": "Knihy - odm\u00edtnut\u00fd p\u0159\u00edstup",
    "source": null,
    "metric_allowed_values": [
      "Limit_Exceeded",
      "No_License"
    ],
    "primary_dimension": null,
    "is_standard_view": true,
    "position": 24
  }
},
{
  "model": "charts.reportdataview",
  "pk": 4,
  "fields": {
    "base_report_type": 1,
    "short_name": "TR_BR3",
    "name": "Counter 5 - Book Report 3",
    "name_en": "Counter 5 - Book Report 3",
    "name_cs": "Counter 5 - Book Report 3",
    "desc": "Book Usage by Access Type",
    "desc_en": "Book Usage by Access Type",
    "desc_cs": "Vyu\u017e\u00edvanost knih podle typu p\u0159\u00edstupu",
    "source": null,
    "metric_allowed_values": [],
    "primary_dimension": 1,
    "is_standard_view": true,
    "position": 26
  }
},
{
  "model": "charts.reportdataview",
  "pk": 5,
  "fields": {
    "base_report_type": 1,
    "short_name": "TR_JR3",
    "name": "Counter 5 - Journal Report 3",
    "name_en": "Counter 5 - Journal Report 3",
    "name_cs": "Counter 5 - Journal Report 3",
    "desc": "Journal Usage by Access Type",
    "desc_en": "Journal Usage by Access Type",
    "desc_cs": "Vyu\u017e\u00edvanost \u010dasopis\u016f podle typu p\u0159\u00edstupu",
    "source": null,
    "metric_allowed_values": [
      "Total_Item_Investigations",
      "Total_Item_Requests",
      "Unique_Item_Investigations",
      "Unique_Item_Requests"
    ],
    "primary_dimension": 1,
    "is_standard_view": true,
    "position": 12
  }
},
{
  "model": "charts.reportdataview",
  "pk": 6,
  "fields": {
    "base_report_type": 3,
    "short_name": "JR1",
    "name": "Counter 4 - Journal Report 1",
    "name_en": "Counter 4 - Journal Report 1",
    "name_cs": "Counter 4 - Journal Report 1",
    "desc": "",
    "desc_en": "",
    "desc_cs": "",
    "source": null,
    "metric_allowed_values": [],
    "primary_dimension": null,
    "is_standard_view": true,
    "position": 11
  }
},
{
  "model": "charts.reportdataview",
  "pk": 7,
  "fields": {
    "base_report_type": 1,
    "short_name": "TR_FULL",
    "name": "Title Report - Full",
    "name_en": "Title Report - Full",
    "name_cs": "Title Report - Full",
    "desc": "Fully customizable view of the COUNTER 5 Title Report",
    "desc_en": "Fully customizable view of the COUNTER 5 Title Report",
    "desc_cs": "Pln\u011b variabiln\u00ed pohled na COUNTER 5 Title Report",
    "source": null,
    "metric_allowed_values": [],
    "primary_dimension": null,
    "is_standard_view": false,
    "position": 100
  }
},
{
  "model": "charts.reportdataview",
  "pk": 8,
  "fields": {
    "base_report_type": 30,
    "short_name": "interest_view",
    "name": "Interest",
    "name_en": "Interest",
    "name_cs": "Z\u00e1jem",
    "desc": "Total interest extracted from individual reports",
    "desc_en": "Total interest extracted from individual reports",
    "desc_cs": "Celkov\u00fd z\u00e1jem z\u00edskan\u00fd z d\u00edl\u010d\u00edch zpr\u00e1v",
    "source": null,
    "metric_allowed_values": [],
    "primary_dimension": null,
    "is_standard_view": true,
    "position": 0
  }
},
{
  "model": "charts.reportdataview",
  "pk": 9,
  "fields": {
    "base_report_type": 2,
    "short_name": "DR_FULL",
    "name": "Database Report - Full",
    "name_en": "Database Report - Full",
    "name_cs": "Database Report - Full",
    "desc": "Complete view of the COUNTER 5 Database Report",
    "desc_en": "Complete view of the COUNTER 5 Database Report",
    "desc_cs": "Kompletn\u00ed pohled na COUNTER 5 Database Report",
    "source": null,
    "metric_allowed_values": [],
    "primary_dimension": null,
    "is_standard_view": false,
    "position": 110
  }
},
{
  "model": "charts.reportdataview",
  "pk": 10,
  "fields": {
    "base_report_type": 24,
    "short_name": "PR_P1",
    "name": "Counter 5 - Platform report 1",
    "name_en": "Counter 5 - Platform report 1",
    "name_cs": "Counter 5 - Platform report 1",
    "desc": "Standard \"Platform usage\" view",
    "desc_en": "Standard \"Platform usage\" view",
    "desc_cs": "Standardn\u00ed pohled \"Platform usage\"",
    "source": null,
    "metric_allowed_values": [
      "Searches_Platform",
      "Total_Item_Requests",
      "Unique_Item_Requests",
      "Unique_Title_Requests"
    ],
    "primary_dimension": null,
    "is_standard_view": true,
    "position": 50
  }
},
{
  "model": "charts.reportdataview",
  "pk": 11,
  "fields": {
    "base_report_type": 2,
    "short_name": "DR_D1",
    "name": "Counter 5 - Database report 1",
    "name_en": "Counter 5 - Database report 1",
    "name_cs": "Counter 5 - Database report 1",
    "desc": "Standard \"Database Search and Item Usage\" view",
    "desc_en": "Standard \"Database Search and Item Usage\" view",
    "desc_cs": "Standardn\u00ed pohled \"Database Search and Item Usage\"",
    "source": null,
    "metric_allowed_values": [
      "Searches_Automated",
      "Searches_Federated",
      "Searches_Regular",
      "Total_Item_Investigations",
      "Total_Item_Requests"
    ],
    "primary_dimension": null,
    "is_standard_view": true,
    "position": 30
  }
},
{
  "model": "charts.reportdataview",
  "pk": 12,
  "fields": {
    "base_report_type": 2,
    "short_name": "DR_D2",
    "name": "Counter 5 - Database report 2",
    "name_en": "Counter 5 - Database report 2",
    "name_cs": "Counter 5 - Database report 2",
    "desc": "Standard \"Database Access Denied\" view",
    "desc_en": "Standard \"Database Access Denied\" view",
    "desc_cs": "Standardn\u00ed pohled \"Database Access Denied\"",
    "source": null,
    "metric_allowed_values": [
      "Limit_Exceeded",
      "No_License"
    ],
    "primary_dimension": null,
    "is_standard_view": true,
    "position": 31
  }
},
{
  "model": "charts.reportdataview",
  "pk": 13,
  "fields": {
    "base_report_type": 24,
    "short_name": "PR_FULL",
    "name": "Platform Report - Full",
    "name_en": "Platform Report - Full",
    "name_cs": "Platform Report - Full",
    "desc": "Full view of the COUNTER 5 Platform Report",
    "desc_en": "Full view of the COUNTER 5 Platform Report",
    "desc_cs": "Kompletn\u00ed pohled na data COUNTER 5 Platform Report",
    "source": null,
    "metric_allowed_values": [],
    "primary_dimension": null,
    "is_standard_view": false,
    "position": 120
  }
},
{
  "model": "charts.reportdataview",
  "pk": 14,
  "fields": {
    "base_report_type": 9,
    "short_name": "BR2",
    "name": "Counter 4 - Book Report 2",
    "name_en": "Counter 4 - Book Report 2",
    "name_cs": "Counter 4 - Book Report 2",
    "desc": "Number of Successful Section Requests",
    "desc_en": "Number of Successful Section Requests",
    "desc_cs": "Po\u010det \u00fasp\u011b\u0161n\u00fdch sta\u017een\u00ed kapitol knih",
    "source": null,
    "metric_allowed_values": [],
    "primary_dimension": null,
    "is_standard_view": true,
    "position": 21
  }
},
{
  "model": "charts.dimensionfilter",
  "pk": 1,
  "fields": {
    "report_data_view": 1,
    "dimension": 3,
    "allowed_values": [
      "Journal"
    ]
  }
},
{
  "model": "charts.dimensionfilter",
  "pk": 2,
  "fields": {
    "report_data_view": 1,
    "dimension": 2,
    "allowed_values": [
      "Regular"
    ]
  }
},
{
  "model": "charts.dimensionfilter",
  "pk": 3,
  "fields": {
    "report_data_view": 1,
    "dimension": 1,
    "allowed_values": [
      "Controlled"
    ]
  }
},
{
  "model": "charts.dimensionfilter",
  "pk": 4,
  "fields": {
    "report_data_view": 2,
    "dimension": 2,
    "allowed_values": [
      "Regular"
    ]
  }
},
{
  "model": "charts.dimensionfilter",
  "pk": 5,
  "fields": {
    "report_data_view": 2,
    "dimension": 1,
    "allowed_values": [
      "Controlled"
    ]
  }
},
{
  "model": "charts.dimensionfilter",
  "pk": 6,
  "fields": {
    "report_data_view": 2,
    "dimension": 3,
    "allowed_values": [
      "Book"
    ]
  }
},
{
  "model": "charts.dimensionfilter",
  "pk": 7,
  "fields": {
    "report_data_view": 3,
    "dimension": 2,
    "allowed_values": [
      "Regular"
    ]
  }
},
{
  "model": "charts.dimensionfilter",
  "pk": 8,
  "fields": {
    "report_data_view": 3,
    "dimension": 3,
    "allowed_values": [
      "Book"
    ]
  }
},
{
  "model": "charts.dimensionfilter",
  "pk": 9,
  "fields": {
    "report_data_view": 4,
    "dimension": 3,
    "allowed_values": [
      "Book"
    ]
  }
},
{
  "model": "charts.dimensionfilter",
  "pk": 10,
  "fields": {
    "report_data_view": 4,
    "dimension": 2,
    "allowed_values": [
      "Regular"
    ]
  }
},
{
  "model": "charts.dimensionfilter",
  "pk": 11,
  "fields": {
    "report_data_view": 5,
    "dimension": 2,
    "allowed_values": [
      "Regular"
    ]
  }
},
{
  "model": "charts.dimensionfilter",
  "pk": 12,
  "fields": {
    "report_data_view": 5,
    "dimension": 3,
    "allowed_values": [
      "Journal"
    ]
  }
},
{
  "model": "charts.dimensionfilter",
  "pk": 13,
  "fields": {
    "report_data_view": 10,
    "dimension": 2,
    "allowed_values": [
      "Regular"
    ]
  }
},
{
  "model": "charts.dimensionfilter",
  "pk": 14,
  "fields": {
    "report_data_view": 11,
    "dimension": 2,
    "allowed_values": [
      "Regular"
    ]
  }
},
{
  "model": "charts.dimensionfilter",
  "pk": 15,
  "fields": {
    "report_data_view": 12,
    "dimension": 2,
    "allowed_values": [
      "Regular"
    ]
  }
},
{
  "model": "charts.chartdefinition",
  "pk": 1,
  "fields": {
    "name": "Metric in time",
    "name_en": "Metric in time",
    "name_cs": "Metriky v \u010dase",
    "desc": "Development of individual metrics in time",
    "desc_en": "Development of individual metrics in time",
    "desc_cs": "V\u00fdvoj jednotliv\u00fdch metrik v \u010dase",
    "primary_dimension": null,
    "primary_implicit_dimension": "date",
    "secondary_dimension": null,
    "secondary_implicit_dimension": "metric",
    "chart_type": "v-bar",
    "ordering": "",
    "ignore_organization": false
  }
},
{
  "model": "charts.chartdefinition",
  "pk": 2,
  "fields": {
    "name": "Metric comparison",
    "name_en": "Metric comparison",
    "name_cs": "Srovn\u00e1n\u00ed metrik",
    "desc": "Comparison of metrics for the whole time range",
    "desc_en": "Comparison of metrics for the whole time range",
    "desc_cs": "Srovn\u00e1n\u00ed metrik pro cel\u00fd \u010dasov\u00fd rozsah",
    "primary_dimension": null,
    "primary_implicit_dimension": "metric",
    "secondary_dimension": null,
    "secondary_implicit_dimension": null,
    "chart_type": "v-bar",
    "ordering": "",
    "ignore_organization": false
  }
},
{
  "model": "charts.chartdefinition",
  "pk": 3,
  "fields": {
    "name": "Data types",
    "name_en": "Data types",
    "name_cs": "Typy dat",
    "desc": "Data type (book, journal, database, ...) comparison",
    "desc_en": "Data type (book, journal, database, ...) comparison",
    "desc_cs": "Srovn\u00e1n\u00ed typ\u016f dat (kniha, \u010dasopis, datab\u00e1ze, ...)",
    "primary_dimension": 3,
    "primary_implicit_dimension": null,
    "secondary_dimension": null,
    "secondary_implicit_dimension": null,
    "chart_type": "v-bar",
    "ordering": "",
    "ignore_organization": false
  }
},
{
  "model": "charts.chartdefinition",
  "pk": 4,
  "fields": {
    "name": "Organization comparison",
    "name_en": "Organization comparison",
    "name_cs": "Srovn\u00e1n\u00ed organizac\u00ed",
    "desc": "Comparison of interest between organizations",
    "desc_en": "Comparison of interest between organizations",
    "desc_cs": "Srovn\u00e1n\u00ed z\u00e1jmu mezi organizacemi",
    "primary_dimension": null,
    "primary_implicit_dimension": "organization",
    "secondary_dimension": null,
    "secondary_implicit_dimension": "metric",
    "chart_type": "h-bar",
    "ordering": "count",
    "ignore_organization": true
  }
},
{
  "model": "charts.chartdefinition",
  "pk": 5,
  "fields": {
    "name": "Year of publication",
    "name_en": "Year of publication",
    "name_cs": "Rok vyd\u00e1n\u00ed",
    "desc": "Interest split by year of publication and data type",
    "desc_en": "Interest split by year of publication and data type",
    "desc_cs": "Z\u00e1jem rozd\u011blen\u00fd podle roku publikace a typu dat",
    "primary_dimension": 5,
    "primary_implicit_dimension": null,
    "secondary_dimension": 3,
    "secondary_implicit_dimension": null,
    "chart_type": "v-bar",
    "ordering": "",
    "ignore_organization": false
  }
},
{
  "model": "charts.chartdefinition",
  "pk": 6,
  "fields": {
    "name": "Access Type in time",
    "name_en": "Access Type in time",
    "name_cs": "Typ p\u0159\u00edstupu v \u010dase",
    "desc": "Development of Access Type in time",
    "desc_en": "Development of Access Type in time",
    "desc_cs": "V\u00fdvoj typu p\u0159\u00edstupu v \u010dase",
    "primary_dimension": null,
    "primary_implicit_dimension": "date",
    "secondary_dimension": 1,
    "secondary_implicit_dimension": null,
    "chart_type": "v-bar",
    "ordering": "",
    "ignore_organization": false
  }
},
{
  "model": "charts.chartdefinition",
  "pk": 7,
  "fields": {
    "name": "Data Type in time",
    "name_en": "Data Type in time",
    "name_cs": "Typ dat v \u010dase",
    "desc": "Development of Data Type in time",
    "desc_en": "Development of Data Type in time",
    "desc_cs": "V\u00fdvoj typu dat v \u010dase",
    "primary_dimension": null,
    "primary_implicit_dimension": "date",
    "secondary_dimension": 3,
    "secondary_implicit_dimension": null,
    "chart_type": "v-bar",
    "ordering": "",
    "ignore_organization": false
  }
},
{
  "model": "charts.chartdefinition",
  "pk": 8,
  "fields": {
    "name": "Access Type",
    "name_en": "Access Type",
    "name_cs": "Typ p\u0159\u00edstupu",
    "desc": "Comparison of Access Types for the whole time period",
    "desc_en": "Comparison of Access Types for the whole time period",
    "desc_cs": "Srovn\u00e1n\u00ed typu p\u0159\u00edstupu pro cel\u00e9 \u010dasov\u00e9 obdob\u00ed",
    "primary_dimension": 1,
    "primary_implicit_dimension": null,
    "secondary_dimension": null,
    "secondary_implicit_dimension": null,
    "chart_type": "v-bar",
    "ordering": "",
    "ignore_organization": false
  }
},
{
  "model": "charts.chartdefinition",
  "pk": 9,
  "fields": {
    "name": "Access Type vs Data Type",
    "name_en": "Access Type vs Data Type",
    "name_cs": "Typ p\u0159\u00edstupu podle typu dat",
    "desc": "Relationship between Access Type (Controlled, Open access) and Data Type",
    "desc_en": "Relationship between Access Type (Controlled, Open access) and Data Type",
    "desc_cs": "Vztah mezi typem p\u0159\u00edstupu (kontrolovan\u00fd, open access) a typem dat",
    "primary_dimension": 3,
    "primary_implicit_dimension": null,
    "secondary_dimension": 1,
    "secondary_implicit_dimension": null,
    "chart_type": "v-bar",
    "ordering": "",
    "ignore_organization": false
  }
},
{
  "model": "charts.chartdefinition",
  "pk": 10,
  "fields": {
    "name": "Section Type",
    "name_en": "Section Type",
    "name_cs": "Typ \u010d\u00e1sti",
    "desc": "Overview of Section Types (book, chapter, article,...) for the whole time range",
    "desc_en": "Overview of Section Types (book, chapter, article,...) for the whole time range",
    "desc_cs": "P\u0159ehled typ\u016f \u010d\u00e1sti (kniha, kapitola, \u010dl\u00e1nek,...) za cel\u00e9 obdob\u00ed",
    "primary_dimension": 4,
    "primary_implicit_dimension": null,
    "secondary_dimension": null,
    "secondary_implicit_dimension": null,
    "chart_type": "v-bar",
    "ordering": "",
    "ignore_organization": false
  }
},
{
  "model": "charts.chartdefinition",
  "pk": 11,
  "fields": {
    "name": "Access Method",
    "name_en": "Access Method",
    "name_cs": "Zp\u016fsob p\u0159\u00edstupu",
    "desc": "Overview of Access Methods (Regular, data mining, ...)",
    "desc_en": "Overview of Access Methods (Regular, data mining, ...)",
    "desc_cs": "P\u0159ehled zp\u016fsob\u016f p\u0159\u00edstupu (regular, data mining, ...)",
    "primary_dimension": 2,
    "primary_implicit_dimension": null,
    "secondary_dimension": null,
    "secondary_implicit_dimension": null,
    "chart_type": "v-bar",
    "ordering": "",
    "ignore_organization": false
  }
},
{
  "model": "charts.chartdefinition",
  "pk": 12,
  "fields": {
    "name": "Access Type vs Metric",
    "name_en": "Access Type vs Metric",
    "name_cs": "Typ p\u0159\u00edstupu podle metriky",
    "desc": "Relationship between Access Type and Metrics",
    "desc_en": "Relationship between Access Type and Metrics",
    "desc_cs": "Vztah mezi typy p\u0159\u00edstupu a metrikami",
    "primary_dimension": null,
    "primary_implicit_dimension": "metric",
    "secondary_dimension": 1,
    "secondary_implicit_dimension": null,
    "chart_type": "v-bar",
    "ordering": "",
    "ignore_organization": false
  }
},
{
  "model": "charts.chartdefinition",
  "pk": 13,
  "fields": {
    "name": "Interest type",
    "name_en": "Interest type",
    "name_cs": "Typ z\u00e1jmu",
    "desc": "Interest split into groups by its type (title, database, ...)",
    "desc_en": "Interest split into groups by its type (title, database, ...)",
    "desc_cs": "Z\u00e1jem rozd\u011blen\u00fd do skupin podle typu (title, database, ...)",
    "primary_dimension": 29,
    "primary_implicit_dimension": null,
    "secondary_dimension": null,
    "secondary_implicit_dimension": "metric",
    "chart_type": "h-bar",
    "ordering": "",
    "ignore_organization": false
  }
},
{
  "model": "charts.chartdefinition",
  "pk": 14,
  "fields": {
    "name": "Interest type in time",
    "name_en": "Interest type in time",
    "name_cs": "Typ z\u00e1jmu v \u010dase",
    "desc": "Development of different interest types in time",
    "desc_en": "Development of different interest types in time",
    "desc_cs": "V\u00fdvoj typ\u016f z\u00e1jmu v \u010dase",
    "primary_dimension": null,
    "primary_implicit_dimension": "date",
    "secondary_dimension": 29,
    "secondary_implicit_dimension": null,
    "chart_type": "v-bar",
    "ordering": "",
    "ignore_organization": false
  }
},
{
  "model": "charts.reportviewtocharttype",
  "pk": 1,
  "fields": {
    "report_data_view": 1,
    "chart_definition": 1,
    "position": 0
  }
},
{
  "model": "charts.reportviewtocharttype",
  "pk": 2,
  "fields": {
    "report_data_view": 1,
    "chart_definition": 2,
    "position": 1
  }
},
{
  "model": "charts.reportviewtocharttype",
  "pk": 3,
  "fields": {
    "report_data_view": 6,
    "chart_definition": 1,
    "position": 0
  }
},
{
  "model": "charts.reportviewtocharttype",
  "pk": 4,
  "fields": {
    "report_data_view": 7,
    "chart_definition": 1,
    "position": 0
  }
},
{
  "model": "charts.reportviewtocharttype",
  "pk": 5,
  "fields": {
    "report_data_view": 7,
    "chart_definition": 3,
    "position": 1
  }
},
{
  "model": "charts.reportviewtocharttype",
  "pk": 6,
  "fields": {
    "report_data_view": 8,
    "chart_definition": 1,
    "position": 0
  }
},
{
  "model": "charts.reportviewtocharttype",
  "pk": 7,
  "fields": {
    "report_data_view": 8,
    "chart_definition": 4,
    "position": 2
  }
},
{
  "model": "charts.reportviewtocharttype",
  "pk": 9,
  "fields": {
    "report_data_view": 1,
    "chart_definition": 5,
    "position": 10
  }
},
{
  "model": "charts.reportviewtocharttype",
  "pk": 10,
  "fields": {
    "report_data_view": 7,
    "chart_definition": 5,
    "position": 10
  }
},
{
  "model": "charts.reportviewtocharttype",
  "pk": 11,
  "fields": {
    "report_data_view": 10,
    "chart_definition": 1,
    "position": 0
  }
},
{
  "model": "charts.reportviewtocharttype",
  "pk": 12,
  "fields": {
    "report_data_view": 11,
    "chart_definition": 1,
    "position": 0
  }
},
{
  "model": "charts.reportviewtocharttype",
  "pk": 13,
  "fields": {
    "report_data_view": 12,
    "chart_definition": 1,
    "position": 0
  }
},
{
  "model": "charts.reportviewtocharttype",
  "pk": 14,
  "fields": {
    "report_data_view": 9,
    "chart_definition": 1,
    "position": 0
  }
},
{
  "model": "charts.reportviewtocharttype",
  "pk": 15,
  "fields": {
    "report_data_view": 14,
    "chart_definition": 1,
    "position": 0
  }
},
{
  "model": "charts.reportviewtocharttype",
  "pk": 16,
  "fields": {
    "report_data_view": 7,
    "chart_definition": 6,
    "position": 3
  }
},
{
  "model": "charts.reportviewtocharttype",
  "pk": 17,
  "fields": {
    "report_data_view": 7,
    "chart_definition": 8,
    "position": 4
  }
},
{
  "model": "charts.reportviewtocharttype",
  "pk": 18,
  "fields": {
    "report_data_view": 7,
    "chart_definition": 9,
    "position": 5
  }
},
{
  "model": "charts.reportviewtocharttype",
  "pk": 19,
  "fields": {
    "report_data_view": 7,
    "chart_definition": 10,
    "position": 6
  }
},
{
  "model": "charts.reportviewtocharttype",
  "pk": 20,
  "fields": {
    "report_data_view": 5,
    "chart_definition": 6,
    "position": 0
  }
},
{
  "model": "charts.reportviewtocharttype",
  "pk": 21,
  "fields": {
    "report_data_view": 3,
    "chart_definition": 1,
    "position": 0
  }
},
{
  "model": "charts.reportviewtocharttype",
  "pk": 22,
  "fields": {
    "report_data_view": 4,
    "chart_definition": 6,
    "position": 0
  }
},
{
  "model": "charts.reportviewtocharttype",
  "pk": 23,
  "fields": {
    "report_data_view": 13,
    "chart_definition": 1,
    "position": 0
  }
},
{
  "model": "charts.reportviewtocharttype",
  "pk": 24,
  "fields": {
    "report_data_view": 9,
    "chart_definition": 11,
    "position": 1
  }
},
{
  "model": "charts.reportviewtocharttype",
  "pk": 25,
  "fields": {
    "report_data_view": 7,
    "chart_definition": 11,
    "position": 8
  }
},
{
  "model": "charts.reportviewtocharttype",
  "pk": 26,
  "fields": {
    "report_data_view": 4,
    "chart_definition": 12,
    "position": 2
  }
},
{
  "model": "charts.reportviewtocharttype",
  "pk": 27,
  "fields": {
    "report_data_view": 9,
    "chart_definition": 7,
    "position": 2
  }
},
{
  "model": "charts.reportviewtocharttype",
  "pk": 29,
  "fields": {
    "report_data_view": 1,
    "chart_definition": 4,
    "position": 5
  }
},
{
  "model": "charts.reportviewtocharttype",
  "pk": 30,
  "fields": {
    "report_data_view": 6,
    "chart_definition": 4,
    "position": 4
  }
},
{
  "model": "charts.reportviewtocharttype",
  "pk": 31,
  "fields": {
    "report_data_view": 8,
    "chart_definition": 13,
    "position": 4
  }
},
{
  "model": "charts.reportviewtocharttype",
  "pk": 32,
  "fields": {
    "report_data_view": 8,
    "chart_definition": 14,
    "position": 3
  }
},
{
  "model": "charts.reportviewtocharttype",
  "pk": 33,
  "fields": {
    "report_data_view": 2,
    "chart_definition": 1,
    "position": 0
  }
}
]
