[
{
  "model": "logs.reporttype",
  "pk": 1,
  "fields": {
    "short_name": "TR",
    "name": "Counter 5 - Title report",
    "name_en": "Counter 5 - Title report",
    "name_cs": "Counter 5 - Title report",
    "desc": "",
    "desc_en": "",
    "desc_cs": "",
    "source": null
  }
},
{
  "model": "logs.reporttype",
  "pk": 2,
  "fields": {
    "short_name": "DR",
    "name": "Counter 5 - Database report",
    "name_en": "Counter 5 - Database report",
    "name_cs": "Counter 5 - Database report",
    "desc": "",
    "desc_en": "",
    "desc_cs": "",
    "source": null
  }
},
{
  "model": "logs.reporttype",
  "pk": 3,
  "fields": {
    "short_name": "JR1",
    "name": "Counter 4 - Journal Report 1",
    "name_en": "Counter 4 - Journal Report 1",
    "name_cs": "Counter 4 - Journal Report 1",
    "desc": "",
    "desc_en": "",
    "desc_cs": "",
    "source": null
  }
},
{
  "model": "logs.reporttype",
  "pk": 4,
  "fields": {
    "short_name": "JR1GOA",
    "name": "Counter 4 - Journal Report 1 Gold Open Access",
    "name_en": "Counter 4 - Journal Report 1 Gold Open Access",
    "name_cs": "Counter 4 - Journal Report 1 Gold Open Access",
    "desc": "",
    "desc_en": "",
    "desc_cs": "",
    "source": null
  }
},
{
  "model": "logs.reporttype",
  "pk": 5,
  "fields": {
    "short_name": "JR2",
    "name": "Counter 4 - Journal Report 2",
    "name_en": "Counter 4 - Journal Report 2",
    "name_cs": null,
    "desc": "Access denied",
    "desc_en": "Access denied",
    "desc_cs": "",
    "source": null
  }
},
{
  "model": "logs.reporttype",
  "pk": 6,
  "fields": {
    "short_name": "JR5",
    "name": "Counter 4 - Journal Report 5",
    "name_en": "Counter 4 - Journal Report 5",
    "name_cs": "Counter 4 - Journal Report 5",
    "desc": "Access by year of publication",
    "desc_en": "Access by year of publication",
    "desc_cs": "",
    "source": null
  }
},
{
  "model": "logs.reporttype",
  "pk": 7,
  "fields": {
    "short_name": "JR1a",
    "name": "Counter 4 - Journal Report 1 - Archive access",
    "name_en": "Counter 4 - Journal Report 1 - Archive access",
    "name_cs": "Counter 4 - Journal Report 1 - Archive access",
    "desc": "",
    "desc_en": "",
    "desc_cs": "",
    "source": null
  }
},
{
  "model": "logs.reporttype",
  "pk": 8,
  "fields": {
    "short_name": "BR1",
    "name": "Counter 4 - Book Report 1",
    "name_en": "Counter 4 - Book Report 1",
    "name_cs": "Counter 4 - Book Report 1",
    "desc": "",
    "desc_en": "",
    "desc_cs": "",
    "source": null
  }
},
{
  "model": "logs.reporttype",
  "pk": 9,
  "fields": {
    "short_name": "BR2",
    "name": "Counter 4 - Book Report 2",
    "name_en": "Counter 4 - Book Report 2",
    "name_cs": "Counter 4 - Book Report 2",
    "desc": "",
    "desc_en": "",
    "desc_cs": "",
    "source": null
  }
},
{
  "model": "logs.reporttype",
  "pk": 10,
  "fields": {
    "short_name": "BR3",
    "name": "Counter 4 - Book Report 3",
    "name_en": "Counter 4 - Book Report 3",
    "name_cs": "Counter 4 - Book Report 3",
    "desc": "",
    "desc_en": "",
    "desc_cs": "",
    "source": null
  }
},
{
  "model": "logs.reporttype",
  "pk": 11,
  "fields": {
    "short_name": "DB1",
    "name": "Counter 4 - Database Report 1",
    "name_en": "Counter 4 - Database Report 1",
    "name_cs": "Counter 4 - Database Report 1",
    "desc": "",
    "desc_en": "",
    "desc_cs": "",
    "source": null
  }
},
{
  "model": "logs.reporttype",
  "pk": 12,
  "fields": {
    "short_name": "DB2",
    "name": "Counter 4 - Database Report 2",
    "name_en": "Counter 4 - Database Report 2",
    "name_cs": "Counter 4 - Database Report 2",
    "desc": "",
    "desc_en": "",
    "desc_cs": "",
    "source": null
  }
},
{
  "model": "logs.reporttype",
  "pk": 24,
  "fields": {
    "short_name": "PR",
    "name": "Counter 5 - Platform report",
    "name_en": "Counter 5 - Platform report",
    "name_cs": "Counter 5 - Platform report",
    "desc": "",
    "desc_en": "",
    "desc_cs": "",
    "source": null
  }
},
{
  "model": "logs.reporttype",
  "pk": 28,
  "fields": {
    "short_name": "PR1",
    "name": "Counter 4 - Platform report 1",
    "name_en": "Counter 4 - Platform report 1",
    "name_cs": "Counter 4 - Platform report 1",
    "desc": "",
    "desc_en": "",
    "desc_cs": "",
    "source": null
  }
},
{
  "model": "logs.reporttype",
  "pk": 30,
  "fields": {
    "short_name": "interest",
    "name": "Interest",
    "name_en": "Interest",
    "name_cs": "Z\u00e1jem",
    "desc": "",
    "desc_en": "",
    "desc_cs": "",
    "source": null
  }
},
{
  "model": "logs.reporttype",
  "pk": 31,
  "fields": {
    "short_name": "Beck_custom",
    "name": "Beck - custom",
    "name_en": "Beck - custom",
    "name_cs": "Beck - custom",
    "desc": "",
    "desc_en": "",
    "desc_cs": "",
    "source": null
  }
},
{
  "model": "logs.reporttype",
  "pk": 32,
  "fields": {
    "short_name": "Bisnode_custom",
    "name": "Bisnode - custom",
    "name_en": "Bisnode - custom",
    "name_cs": "Bisnode - custom",
    "desc": "",
    "desc_en": "",
    "desc_cs": "",
    "source": null
  }
},
{
  "model": "logs.interestgroup",
  "pk": 1,
  "fields": {
    "short_name": "full_text",
    "name": "Full text",
    "name_en": "Full text",
    "name_cs": "Pln\u00fd text"
  }
},
{
  "model": "logs.interestgroup",
  "pk": 2,
  "fields": {
    "short_name": "search",
    "name": "Search",
    "name_en": "Search",
    "name_cs": "Hled\u00e1n\u00ed"
  }
},
{
  "model": "logs.interestgroup",
  "pk": 3,
  "fields": {
    "short_name": "other",
    "name": "Other",
    "name_en": "Other",
    "name_cs": "Jin\u00e9"
  }
},
{
  "model": "logs.metric",
  "pk": 1,
  "fields": {
    "short_name": "Unique_Item_Requests",
    "name": "",
    "name_en": null,
    "name_cs": null,
    "desc": "",
    "desc_en": null,
    "desc_cs": null,
    "active": true,
    "source": null
  }
},
{
  "model": "logs.metric",
  "pk": 2,
  "fields": {
    "short_name": "Total_Item_Requests",
    "name": "",
    "name_en": null,
    "name_cs": "Total_Item_Requests",
    "desc": "",
    "desc_en": "",
    "desc_cs": "",
    "active": true,
    "source": null
  }
},
{
  "model": "logs.metric",
  "pk": 3,
  "fields": {
    "short_name": "Unique_Item_Investigations",
    "name": "",
    "name_en": null,
    "name_cs": null,
    "desc": "",
    "desc_en": null,
    "desc_cs": null,
    "active": false,
    "source": null
  }
},
{
  "model": "logs.metric",
  "pk": 4,
  "fields": {
    "short_name": "Total_Item_Investigations",
    "name": "",
    "name_en": null,
    "name_cs": null,
    "desc": "",
    "desc_en": null,
    "desc_cs": null,
    "active": false,
    "source": null
  }
},
{
  "model": "logs.metric",
  "pk": 5,
  "fields": {
    "short_name": "No_License",
    "name": "",
    "name_en": null,
    "name_cs": null,
    "desc": "",
    "desc_en": null,
    "desc_cs": null,
    "active": true,
    "source": null
  }
},
{
  "model": "logs.metric",
  "pk": 6,
  "fields": {
    "short_name": "Unique_Title_Investigations",
    "name": "",
    "name_en": null,
    "name_cs": null,
    "desc": "",
    "desc_en": null,
    "desc_cs": null,
    "active": false,
    "source": null
  }
},
{
  "model": "logs.metric",
  "pk": 7,
  "fields": {
    "short_name": "Unique_Title_Requests",
    "name": "",
    "name_en": null,
    "name_cs": null,
    "desc": "",
    "desc_en": null,
    "desc_cs": null,
    "active": true,
    "source": null
  }
},
{
  "model": "logs.metric",
  "pk": 8,
  "fields": {
    "short_name": "FT Article Requests",
    "name": "",
    "name_en": null,
    "name_cs": "FT Article Requests",
    "desc": "",
    "desc_en": "",
    "desc_cs": "",
    "active": true,
    "source": null
  }
},
{
  "model": "logs.metric",
  "pk": 9,
  "fields": {
    "short_name": "Limit_Exceeded",
    "name": "",
    "name_en": null,
    "name_cs": null,
    "desc": "",
    "desc_en": null,
    "desc_cs": null,
    "active": true,
    "source": null
  }
},
{
  "model": "logs.metric",
  "pk": 10,
  "fields": {
    "short_name": "Searches_Regular",
    "name": "",
    "name_en": null,
    "name_cs": null,
    "desc": "",
    "desc_en": "",
    "desc_cs": "",
    "active": true,
    "source": null
  }
},
{
  "model": "logs.metric",
  "pk": 11,
  "fields": {
    "short_name": "Searches_Automated",
    "name": "",
    "name_en": null,
    "name_cs": null,
    "desc": "",
    "desc_en": null,
    "desc_cs": null,
    "active": true,
    "source": null
  }
},
{
  "model": "logs.metric",
  "pk": 12,
  "fields": {
    "short_name": "Searches_Federated",
    "name": "",
    "name_en": null,
    "name_cs": null,
    "desc": "",
    "desc_en": null,
    "desc_cs": null,
    "active": true,
    "source": null
  }
},
{
  "model": "logs.metric",
  "pk": 18,
  "fields": {
    "short_name": "Searches_Platform",
    "name": "",
    "name_en": null,
    "name_cs": null,
    "desc": "",
    "desc_en": null,
    "desc_cs": null,
    "active": true,
    "source": null
  }
},
{
  "model": "logs.metric",
  "pk": 19,
  "fields": {
    "short_name": "Book Section Requests",
    "name": "",
    "name_en": null,
    "name_cs": null,
    "desc": "",
    "desc_en": null,
    "desc_cs": null,
    "active": true,
    "source": null
  }
},
{
  "model": "logs.metric",
  "pk": 20,
  "fields": {
    "short_name": "Regular Searches",
    "name": "",
    "name_en": null,
    "name_cs": null,
    "desc": "",
    "desc_en": null,
    "desc_cs": null,
    "active": true,
    "source": null
  }
},
{
  "model": "logs.metric",
  "pk": 21,
  "fields": {
    "short_name": "Searches-federated and automated",
    "name": "",
    "name_en": null,
    "name_cs": null,
    "desc": "",
    "desc_en": null,
    "desc_cs": null,
    "active": true,
    "source": null
  }
},
{
  "model": "logs.metric",
  "pk": 22,
  "fields": {
    "short_name": "Result Clicks",
    "name": "",
    "name_en": null,
    "name_cs": null,
    "desc": "",
    "desc_en": null,
    "desc_cs": null,
    "active": true,
    "source": null
  }
},
{
  "model": "logs.metric",
  "pk": 23,
  "fields": {
    "short_name": "Record Views",
    "name": "",
    "name_en": null,
    "name_cs": null,
    "desc": "",
    "desc_en": null,
    "desc_cs": null,
    "active": true,
    "source": null
  }
},
{
  "model": "logs.metric",
  "pk": 24,
  "fields": {
    "short_name": "C4_Regular_Searches",
    "name": "C4: Regular Searches",
    "name_en": "C4: Regular Searches",
    "name_cs": "C4: Regular Searches",
    "desc": "",
    "desc_en": "",
    "desc_cs": "",
    "active": true,
    "source": null
  }
},
{
  "model": "logs.metric",
  "pk": 25,
  "fields": {
    "short_name": "C5_Regular_Searches",
    "name": "C5: Regular Searches",
    "name_en": "C5: Regular Searches",
    "name_cs": "C5: Regular Searches",
    "desc": "",
    "desc_en": "",
    "desc_cs": "",
    "active": true,
    "source": null
  }
},
{
  "model": "logs.metric",
  "pk": 26,
  "fields": {
    "short_name": "C4_FT_Article_Downloads",
    "name": "C4: FT Article Downloads",
    "name_en": "C4: FT Article Downloads",
    "name_cs": "C4: FT Article Downloads",
    "desc": "",
    "desc_en": "",
    "desc_cs": "",
    "active": true,
    "source": null
  }
},
{
  "model": "logs.metric",
  "pk": 27,
  "fields": {
    "short_name": "C5_Total_Item_Requests",
    "name": "C5: Total Item Requests",
    "name_en": "C5: Total Item Requests",
    "name_cs": "C5: Total Item Requests",
    "desc": "",
    "desc_en": "",
    "desc_cs": "",
    "active": true,
    "source": null
  }
},
{
  "model": "logs.metric",
  "pk": 28,
  "fields": {
    "short_name": "C4_Book_Section_Requests",
    "name": "C4: Book Section Requests",
    "name_en": "C4: Book Section Requests",
    "name_cs": "C4: Book Section Requests",
    "desc": "",
    "desc_en": "",
    "desc_cs": "",
    "active": true,
    "source": null
  }
},
{
  "model": "logs.metric",
  "pk": 29,
  "fields": {
    "short_name": "C5_Platform_Searches",
    "name": "C5: Platform Searches",
    "name_en": "C5: Platform Searches",
    "name_cs": "C5: Platform Searches",
    "desc": "",
    "desc_en": "",
    "desc_cs": "",
    "active": true,
    "source": null
  }
},
{
  "model": "logs.metric",
  "pk": 38,
  "fields": {
    "short_name": "0",
    "name": "",
    "name_en": null,
    "name_cs": null,
    "desc": "",
    "desc_en": null,
    "desc_cs": null,
    "active": true,
    "source": null
  }
},
{
  "model": "logs.metric",
  "pk": 39,
  "fields": {
    "short_name": "documents",
    "name": "Documents",
    "name_en": "Documents",
    "name_cs": "Dokumenty",
    "desc": "",
    "desc_en": "",
    "desc_cs": "",
    "active": true,
    "source": null
  }
},
{
  "model": "logs.metric",
  "pk": 40,
  "fields": {
    "short_name": "sessions",
    "name": "Sessions",
    "name_en": "Sessions",
    "name_cs": "Sezen\u00ed",
    "desc": "",
    "desc_en": "",
    "desc_cs": "",
    "active": true,
    "source": null
  }
},
{
  "model": "logs.metric",
  "pk": 41,
  "fields": {
    "short_name": "interest_doc_downloads",
    "name": "Non-SUSHI document downloads",
    "name_en": "Non-SUSHI document downloads",
    "name_cs": "Sta\u017een\u00ed dokument\u016f mimo SUSHI",
    "desc": "",
    "desc_en": "",
    "desc_cs": "",
    "active": true,
    "source": null
  }
},
{
  "model": "logs.metric",
  "pk": 42,
  "fields": {
    "short_name": "Exports",
    "name": "Credits",
    "name_en": "Credits",
    "name_cs": "Kredity",
    "desc": "",
    "desc_en": "",
    "desc_cs": "",
    "active": true,
    "source": null
  }
},
{
  "model": "logs.metric",
  "pk": 45,
  "fields": {
    "short_name": "visits",
    "name": "Visits",
    "name_en": "Visits",
    "name_cs": "N\u00e1v\u0161t\u011bvy",
    "desc": "",
    "desc_en": null,
    "desc_cs": null,
    "active": true,
    "source": null
  }
},
{
  "model": "logs.reportinterestmetric",
  "pk": 1,
  "fields": {
    "report_type": 1,
    "metric": 2,
    "target_metric": 27,
    "interest_group": 1
  }
},
{
  "model": "logs.reportinterestmetric",
  "pk": 2,
  "fields": {
    "report_type": 3,
    "metric": 8,
    "target_metric": 26,
    "interest_group": 1
  }
},
{
  "model": "logs.reportinterestmetric",
  "pk": 3,
  "fields": {
    "report_type": 11,
    "metric": 20,
    "target_metric": 24,
    "interest_group": 2
  }
},
{
  "model": "logs.reportinterestmetric",
  "pk": 4,
  "fields": {
    "report_type": 9,
    "metric": 19,
    "target_metric": 28,
    "interest_group": 1
  }
},
{
  "model": "logs.reportinterestmetric",
  "pk": 5,
  "fields": {
    "report_type": 2,
    "metric": 10,
    "target_metric": 25,
    "interest_group": 2
  }
},
{
  "model": "logs.reportinterestmetric",
  "pk": 6,
  "fields": {
    "report_type": 28,
    "metric": 20,
    "target_metric": 24,
    "interest_group": 2
  }
},
{
  "model": "logs.reportinterestmetric",
  "pk": 7,
  "fields": {
    "report_type": 24,
    "metric": 18,
    "target_metric": 29,
    "interest_group": 2
  }
},
{
  "model": "logs.reportinterestmetric",
  "pk": 8,
  "fields": {
    "report_type": 31,
    "metric": 39,
    "target_metric": 41,
    "interest_group": 1
  }
},
{
  "model": "logs.reportinterestmetric",
  "pk": 9,
  "fields": {
    "report_type": 32,
    "metric": 42,
    "target_metric": null,
    "interest_group": 3
  }
},
{
  "model": "logs.dimension",
  "pk": 1,
  "fields": {
    "short_name": "Access_Type",
    "name": "Access Type",
    "name_en": "Access Type",
    "name_cs": "Typ p\u0159\u00edstupu",
    "type": 2,
    "desc": "",
    "desc_en": "",
    "desc_cs": "",
    "source": null
  }
},
{
  "model": "logs.dimension",
  "pk": 2,
  "fields": {
    "short_name": "Access_Method",
    "name": "Access Method",
    "name_en": "Access Method",
    "name_cs": "Metoda p\u0159\u00edstupu",
    "type": 2,
    "desc": "",
    "desc_en": "",
    "desc_cs": "",
    "source": null
  }
},
{
  "model": "logs.dimension",
  "pk": 3,
  "fields": {
    "short_name": "Data_Type",
    "name": "Data Type",
    "name_en": "Data Type",
    "name_cs": "Typ dat",
    "type": 2,
    "desc": "",
    "desc_en": "",
    "desc_cs": "",
    "source": null
  }
},
{
  "model": "logs.dimension",
  "pk": 4,
  "fields": {
    "short_name": "Section_Type",
    "name": "Section Type",
    "name_en": "Section Type",
    "name_cs": "Typ \u010d\u00e1sti",
    "type": 2,
    "desc": "",
    "desc_en": "",
    "desc_cs": "",
    "source": null
  }
},
{
  "model": "logs.dimension",
  "pk": 5,
  "fields": {
    "short_name": "YOP",
    "name": "Year of publication",
    "name_en": "Year of publication",
    "name_cs": "Rok vyd\u00e1n\u00ed",
    "type": 1,
    "desc": "",
    "desc_en": "",
    "desc_cs": "",
    "source": null
  }
},
{
  "model": "logs.dimension",
  "pk": 6,
  "fields": {
    "short_name": "Publisher",
    "name": "Publisher",
    "name_en": "Publisher",
    "name_cs": "Vydavatel",
    "type": 2,
    "desc": "",
    "desc_en": "",
    "desc_cs": "",
    "source": null
  }
},
{
  "model": "logs.dimension",
  "pk": 29,
  "fields": {
    "short_name": "Interest_Type",
    "name": "Interest type",
    "name_en": "Interest type",
    "name_cs": "Typ z\u00e1jmu",
    "type": 2,
    "desc": "",
    "desc_en": "",
    "desc_cs": "",
    "source": null
  }
},
{
  "model": "logs.reporttypetodimension",
  "pk": 1,
  "fields": {
    "report_type": 1,
    "dimension": 1,
    "position": 0
  }
},
{
  "model": "logs.reporttypetodimension",
  "pk": 2,
  "fields": {
    "report_type": 1,
    "dimension": 2,
    "position": 1
  }
},
{
  "model": "logs.reporttypetodimension",
  "pk": 3,
  "fields": {
    "report_type": 1,
    "dimension": 3,
    "position": 2
  }
},
{
  "model": "logs.reporttypetodimension",
  "pk": 4,
  "fields": {
    "report_type": 1,
    "dimension": 4,
    "position": 3
  }
},
{
  "model": "logs.reporttypetodimension",
  "pk": 5,
  "fields": {
    "report_type": 1,
    "dimension": 5,
    "position": 4
  }
},
{
  "model": "logs.reporttypetodimension",
  "pk": 6,
  "fields": {
    "report_type": 1,
    "dimension": 6,
    "position": 5
  }
},
{
  "model": "logs.reporttypetodimension",
  "pk": 7,
  "fields": {
    "report_type": 2,
    "dimension": 2,
    "position": 0
  }
},
{
  "model": "logs.reporttypetodimension",
  "pk": 8,
  "fields": {
    "report_type": 2,
    "dimension": 3,
    "position": 1
  }
},
{
  "model": "logs.reporttypetodimension",
  "pk": 9,
  "fields": {
    "report_type": 2,
    "dimension": 6,
    "position": 2
  }
},
{
  "model": "logs.reporttypetodimension",
  "pk": 10,
  "fields": {
    "report_type": 3,
    "dimension": 6,
    "position": 0
  }
},
{
  "model": "logs.reporttypetodimension",
  "pk": 11,
  "fields": {
    "report_type": 4,
    "dimension": 6,
    "position": 0
  }
},
{
  "model": "logs.reporttypetodimension",
  "pk": 12,
  "fields": {
    "report_type": 5,
    "dimension": 6,
    "position": 0
  }
},
{
  "model": "logs.reporttypetodimension",
  "pk": 13,
  "fields": {
    "report_type": 6,
    "dimension": 6,
    "position": 0
  }
},
{
  "model": "logs.reporttypetodimension",
  "pk": 14,
  "fields": {
    "report_type": 7,
    "dimension": 6,
    "position": 0
  }
},
{
  "model": "logs.reporttypetodimension",
  "pk": 15,
  "fields": {
    "report_type": 8,
    "dimension": 6,
    "position": 0
  }
},
{
  "model": "logs.reporttypetodimension",
  "pk": 16,
  "fields": {
    "report_type": 9,
    "dimension": 6,
    "position": 0
  }
},
{
  "model": "logs.reporttypetodimension",
  "pk": 17,
  "fields": {
    "report_type": 10,
    "dimension": 6,
    "position": 0
  }
},
{
  "model": "logs.reporttypetodimension",
  "pk": 18,
  "fields": {
    "report_type": 11,
    "dimension": 6,
    "position": 0
  }
},
{
  "model": "logs.reporttypetodimension",
  "pk": 19,
  "fields": {
    "report_type": 12,
    "dimension": 6,
    "position": 0
  }
},
{
  "model": "logs.reporttypetodimension",
  "pk": 20,
  "fields": {
    "report_type": 24,
    "dimension": 2,
    "position": 0
  }
},
{
  "model": "logs.reporttypetodimension",
  "pk": 21,
  "fields": {
    "report_type": 24,
    "dimension": 3,
    "position": 1
  }
},
{
  "model": "logs.reporttypetodimension",
  "pk": 28,
  "fields": {
    "report_type": 30,
    "dimension": 29,
    "position": 0
  }
}
]
